ja	ください	verb	1	3	109	2368
ja	見	verb	1	3	2058	3583
ja	行く	verb	1	3	569	1837
ja	持っ	verb	1	3	1288	2079
ja	食べ	verb	1	3	1392	2109
ja	あっ	verb	1	3	735	2058
ja	やっ	verb	1	3	918	2043
ja	行っ	verb	1	3	1742	2598
ja	なり	verb	1	3	1317	1998
ja	思っ	verb	1	3	1470	1992
ja	必要	noun	1	3	788	2107
ja	し	verb	1	3	6894	34418
ja	こと	noun	1	3	2128	16853
ja	い	verb	1	3	1690	16757
ja	トム	noun	1	3	183	12438
ja	する	verb	1	3	1446	12067
ja	ない	adjective	1	3	3642	7664
ja	ある	verb	1	3	3618	6058
ja	あり	verb	1	3	3265	4844
ja	考え	verb	1	3	757	1230
ja	人	noun	1	3	689	4822
ja	なっ	verb	1	3	3212	4675
ja	いい	adjective	1	3	1701	4449
ja	もの	noun	1	3	1780	4109
ja	でき	verb	1	3	1109	3833
ja	あなた	compounds	1	3	56	3725
ja	さ	verb	1	3	242	3699
ja	それ	compounds	1	3	51	3504
ja	いる	verb	1	3	1224	3485
ja	どう	adverb	1	3	784	3165
ja	き	verb	1	3	595	3129
ja	言っ	verb	1	3	1738	2933
ja	なる	verb	1	3	1555	2859
ja	時	noun	1	3	134	2604
ja	家	noun	1	3	90	2528
ja	くれ	verb	1	3	243	2465
ja	仕事	noun	1	3	123	2305
ja	本	noun	1	3	154	2292
ja	これ	compounds	1	3	51	2129
ja	来	verb	1	3	1201	2087
ja	時間	noun	1	3	168	1891
ja	日	noun	1	3	260	1888
ja	思う	verb	1	3	1535	1827
ja	本当	noun	1	3	236	1742
ja	知っ	verb	1	3	1246	1735
ja	どこ	compounds	1	3	316	1724
ja	言う	verb	1	3	446	1684
ja	なさい	verb	1	3	26	1678
ja	問題	noun	1	3	204	1617
ja	事	noun	1	3	294	1577
ja	勉強	noun	1	3	682	1518
ja	行き	verb	1	3	1182	1507
ja	なかっ	adjective	1	3	682	1488
ja	方	noun	1	3	104	1447
ja	思い	verb	1	3	1384	1445
ja	よい	adjective	1	3	367	1398
ja	聞い	verb	1	3	721	1365
ja	できる	verb	1	3	258	1354
ja	電話	noun	1	3	352	1323
ja	話し	verb	1	3	816	1317
ja	気	noun	1	3	35	1307
ja	そう	adverb	1	3	176	1301
ja	話	noun	1	3	120	1301
ja	知ら	verb	1	3	890	1293
ja	つもり	noun	1	3	894	1170
ja	出	verb	1	3	756	1168
ja	車	noun	1	3	55	1085
ja	語	noun	1	3	48	1080
ja	買っ	verb	1	3	670	1050
ja	住ん	verb	1	3	771	1037
ja	ところ	noun	1	3	316	1031
ja	子供	noun	1	3	41	1029
ja	金	noun	1	3	29	1026
ja	教え	verb	1	3	879	1017
ja	入っ	verb	1	3	583	1010
ja	み	verb	1	3	100	1003
ja	良い	adjective	1	3	263	938
ja	成功	noun	1	3	293	905
ja	いっ	verb	1	3	317	902
ja	忘れ	verb	1	3	573	898
ja	男	noun	1	3	158	891
ja	結婚	noun	1	3	327	882
ja	先生	noun	1	3	97	871
ja	理解	noun	1	3	320	859
ja	いつ	compounds	1	3	96	854
ja	見る	verb	1	3	185	853
ja	一緒	noun	1	3	39	853
ja	友達	noun	1	3	138	843
ja	言わ	verb	1	3	477	839
ja	年	noun	1	3	54	813
ja	なら	verb	1	3	248	802
ja	悪い	adjective	1	3	329	799
ja	メアリー	noun	1	3	13	798
ja	来る	verb	1	3	296	794
ja	かけ	verb	1	3	389	757
ja	会っ	verb	1	3	436	740
ja	始め	verb	1	3	212	731
ja	信じ	verb	1	3	572	728
ja	読ん	verb	1	3	425	726
ja	しよう	verb	1	3	155	721
ja	見え	verb	1	3	575	717
ja	入れ	verb	1	3	500	712
ja	意味	noun	1	3	180	710
ja	多い	adjective	1	3	567	707
ja	注意	noun	1	3	242	701
ja	いけ	verb	1	3	133	701
ja	つけ	verb	1	3	454	652
ja	会い	verb	1	3	312	652
ja	つい	verb	1	3	436	646
ja	名前	noun	1	3	50	646
ja	寝	verb	1	3	448	645
ja	与え	verb	1	3	556	644
ja	出発	noun	1	3	338	642
ja	話す	verb	1	3	253	641
ja	料理	noun	1	3	114	634
ja	ため	noun	1	3	58	629
ja	行か	verb	1	3	453	628
ja	ありがとう	compounds	1	3	244	616
ja	出し	verb	1	3	274	609
ja	高い	adjective	1	3	326	608
ja	受け	verb	1	3	457	605
ja	書い	verb	1	3	401	602
ja	どの	compounds	1	3	39	599
ja	待っ	verb	1	3	435	594
ja	一番	adverb	1	3	29	588
ja	わから	verb	1	3	456	583
ja	上	noun	1	3	43	582
ja	旅行	noun	1	3	105	563
ja	帰っ	verb	1	3	329	560
ja	説明	noun	1	3	279	560
ja	欲しい	adjective	1	3	250	559
ja	あげ	verb	1	3	468	549
ja	下さい	verb	1	3	34	548
ja	言い	verb	1	3	318	542
ja	運転	noun	1	3	131	538
ja	犬	noun	1	3	30	536
ja	一人	noun	1	3	63	535
ja	難しい	adjective	1	3	317	534
ja	遅れ	verb	1	3	209	530
ja	願い	verb	1	3	470	527
ja	部屋	noun	1	3	16	522
ja	心配	noun	1	3	274	511
ja	計画	noun	1	3	39	511
ja	失敗	noun	1	3	206	509
ja	やめ	verb	1	3	360	503
ja	すれ	verb	1	3	133	503
ja	働い	verb	1	3	375	499
ja	起き	verb	1	3	315	496
ja	病気	noun	1	3	84	491
ja	歩い	verb	1	3	210	486
ja	使っ	verb	1	3	292	484
ja	いう	verb	1	3	43	481
ja	約束	noun	1	3	148	478
ja	見える	verb	1	3	334	477
ja	疲れ	verb	1	3	246	476
ja	子	noun	1	3	64	476
ja	座っ	verb	1	3	286	473
ja	気分	noun	1	3	121	472
ja	分から	verb	1	3	382	470
ja	よかっ	adjective	1	3	238	469
ja	新しい	adjective	1	3	17	467
ja	作っ	verb	1	3	324	462
ja	長い	adjective	1	3	70	461
ja	わかっ	verb	1	3	356	454
ja	覚え	verb	1	3	386	451
ja	楽しい	adjective	1	3	236	451
ja	食べる	verb	1	3	162	450
ja	通り	noun	1	3	74	450
ja	出来	verb	1	3	194	448
ja	親切	noun	1	3	128	447
ja	死ん	verb	1	3	222	445
ja	美しい	adjective	1	3	139	444
ja	幸せ	noun	1	3	183	442
ja	はず	noun	1	3	254	438
ja	分	noun	1	3	60	438
ja	努力	noun	1	3	111	434
ja	手伝っ	verb	1	3	291	431
ja	やり	verb	1	3	181	430
ja	思わ	verb	1	3	313	426
ja	質問	noun	1	3	80	424
ja	かかっ	verb	1	3	302	422
ja	雨	noun	1	3	34	422
ja	見つけ	verb	1	3	328	417
ja	学生	noun	1	3	69	417
ja	考え	noun	1	3	50	417
ja	終わっ	verb	1	3	233	414
ja	着	verb	1	3	260	413
ja	もらっ	verb	1	3	116	400
ja	健康	noun	1	3	47	400
ja	続け	verb	1	3	113	399
ja	す	verb	1	3	77	399
ja	感じ	verb	1	3	333	398
ja	夢	noun	1	3	42	398
ja	飲ん	verb	1	3	259	396
ja	予定	noun	1	3	275	393
ja	読み	verb	1	3	260	391
ja	違い	noun	1	3	229	388
ja	生き	verb	1	3	194	387
ja	取っ	verb	1	3	260	385
ja	飲み	verb	1	3	250	385
ja	起こっ	verb	1	3	221	385
ja	少年	noun	1	3	55	382
ja	映画	noun	1	3	44	381
ja	着い	verb	1	3	221	380
ja	開け	verb	1	3	234	379
ja	人間	noun	1	3	78	379
ja	いただけ	verb	1	3	57	377
ja	降っ	verb	1	3	208	375
ja	間違い	noun	1	3	84	374
ja	降り	verb	1	3	260	368
ja	入り	verb	1	3	153	364
ja	素晴らしい	adjective	1	3	121	361
ja	見せ	verb	1	3	303	359
ja	試し	verb	1	3	271	359
ja	反対	noun	1	3	197	358
ja	どれ	compounds	1	3	66	357
ja	決め	verb	1	3	285	356
ja	場所	noun	1	3	65	355
ja	国	noun	1	3	60	353
ja	探し	verb	1	3	231	351
ja	立っ	verb	1	3	244	350
ja	動物	noun	1	3	72	349
ja	分かっ	verb	1	3	287	347
ja	前	noun	1	3	19	344
ja	手紙	noun	1	3	14	344
ja	きれい	compounds	1	3	111	342
ja	生まれ	verb	1	3	176	339
ja	求め	verb	1	3	220	338
ja	やる	verb	1	3	120	336
ja	買う	verb	1	3	67	336
ja	散歩	noun	1	3	73	334
ja	ここ	compounds	1	3	6	334
ja	元気	noun	1	3	134	333
ja	ドル	noun	1	3	54	333
ja	女の子	noun	1	3	49	333
ja	まま	noun	1	3	67	332
ja	嫌い	noun	1	3	252	331
ja	貸し	verb	1	3	219	330
ja	忙しい	adjective	1	3	233	329
ja	戻っ	verb	1	3	204	329
ja	読む	verb	1	3	78	323
ja	ござい	verb	1	3	278	322
ja	医者	noun	1	3	49	322
ja	到着	noun	1	3	167	319
ja	得	verb	1	3	154	318
ja	面白い	adjective	1	3	138	311
ja	言え	verb	1	3	112	311
ja	知り	verb	1	3	249	310
ja	出席	noun	1	3	193	310
ja	驚い	verb	1	3	220	308
ja	行け	verb	1	3	211	308
ja	間違っ	verb	1	3	143	308
ja	愛し	verb	1	3	207	305
ja	走っ	verb	1	3	204	304
ja	利用	noun	1	3	157	303
ja	危険	noun	1	3	81	300
ja	会う	verb	1	3	79	300
ja	助け	verb	1	3	157	294
ja	天気	noun	1	3	65	293
ja	家族	noun	1	3	27	293
ja	買い	verb	1	3	200	290
ja	聞こえ	verb	1	3	245	289
ja	とっ	verb	1	3	177	289
ja	使い	verb	1	3	130	287
ja	明日	noun	1	3	13	286
ja	いかが	compounds	1	3	263	285
ja	正しい	adjective	1	3	107	285
ja	違う	verb	1	3	190	284
ja	満足	noun	1	3	181	283
ja	終え	verb	1	3	135	283
ja	賛成	noun	1	3	192	279
ja	乗っ	verb	1	3	164	278
ja	落ち	verb	1	3	208	277
ja	聞き	verb	1	3	202	277
ja	わかり	verb	1	3	176	277
ja	怒っ	verb	1	3	156	277
ja	過ごし	verb	1	3	227	268
ja	立て	verb	1	3	192	261
ja	置い	verb	1	3	196	260
ja	最高	noun	1	3	123	257
ja	物	noun	1	3	57	257
ja	方法	noun	1	3	55	256
ja	かかり	verb	1	3	230	255
ja	使わ	verb	1	3	171	253
ja	役立ち	verb	1	3	250	250
ja	話せ	verb	1	3	214	249
ja	送っ	verb	1	3	206	249
ja	感謝	noun	1	3	133	249
ja	金持ち	noun	1	3	56	249
ja	連絡	noun	1	3	100	247
ja	借り	verb	1	3	179	245
ja	書く	verb	1	3	61	245
ja	行動	noun	1	3	48	245
ja	喜ん	verb	1	3	136	243
ja	関係	noun	1	3	33	243
ja	花	noun	1	3	33	242
ja	意見	noun	1	3	30	242
ja	合格	noun	1	3	119	240
ja	学校	noun	1	3	13	240
ja	待ち	verb	1	3	194	237
ja	似	verb	1	3	181	237
ja	はい	compounds	1	3	14	235
ja	急い	verb	1	3	83	233
ja	いくら	noun	1	3	118	231
ja	外出	noun	1	3	104	230
ja	よろしい	adjective	1	3	190	226
ja	猫	noun	1	3	16	226
ja	答え	verb	1	3	180	225
ja	若い	adjective	1	3	42	225
ja	かかる	verb	1	3	153	224
ja	参加	noun	1	3	129	223
ja	存在	noun	1	3	63	223
ja	尋ね	verb	1	3	192	222
ja	美味しい	adjective	1	3	172	222
ja	我慢	noun	1	3	156	221
ja	無駄	noun	1	3	147	220
ja	強い	adjective	1	3	95	219
ja	コーヒー	noun	1	3	14	219
ja	使う	verb	1	3	102	218
ja	女性	noun	1	3	54	218
ja	痛い	adjective	1	3	166	217
ja	乗り	verb	1	3	151	216
ja	大きい	adjective	1	3	137	216
ja	つく	verb	1	3	85	216
ja	向かっ	verb	1	3	81	216
ja	調べ	verb	1	3	170	215
ja	眠っ	verb	1	3	152	215
ja	滞在	noun	1	3	108	212
ja	写真	noun	1	3	28	212
ja	伝え	verb	1	3	188	211
ja	笑っ	verb	1	3	169	210
ja	出る	verb	1	3	79	210
ja	止め	verb	1	3	150	209
ja	話せる	verb	1	3	99	209
ja	過ぎ	verb	1	3	70	207
ja	分かり	verb	1	3	167	205
ja	帰宅	noun	1	3	108	205
ja	解決	noun	1	3	78	204
ja	楽しん	verb	1	3	184	203
ja	いか	verb	1	3	81	202
ja	困っ	verb	1	3	99	201
ja	書き	verb	1	3	167	199
ja	わかる	verb	1	3	149	199
ja	おかげ	noun	1	3	74	199
ja	慣れ	verb	1	3	175	198
ja	馬鹿	noun	1	3	65	198
ja	生徒	noun	1	3	41	198
ja	辞書	noun	1	3	18	198
ja	なれ	verb	1	3	121	196
ja	準備	noun	1	3	31	196
ja	夜	noun	1	3	25	196
ja	深い	adjective	1	3	83	195
ja	どうぞ	adverb	1	3	55	195
ja	入る	verb	1	3	47	195
ja	運動	noun	1	3	44	195
ja	暮らし	verb	1	3	164	192
ja	いっぱい	noun	1	3	136	192
ja	得意	noun	1	3	148	190
ja	おいしい	adjective	1	3	78	190
ja	変わっ	verb	1	3	132	189
ja	古い	adjective	1	3	27	189
ja	同意	noun	1	3	135	188
ja	認め	verb	1	3	164	187
ja	行こう	verb	1	3	122	187
ja	感じ	noun	1	3	101	187
ja	遅刻	noun	1	3	87	187
ja	消し	verb	1	3	144	186
ja	レストラン	noun	1	3	51	186
ja	通っ	verb	1	3	138	182
ja	作り	verb	1	3	137	182
ja	開い	verb	1	3	142	181
ja	変え	verb	1	3	127	180
ja	やら	verb	1	3	112	180
ja	考える	verb	1	3	65	180
ja	せい	noun	1	3	49	179
ja	分かる	verb	1	3	129	178
ja	訪ね	verb	1	3	120	178
ja	寝る	verb	1	3	49	177
ja	寒い	adjective	1	3	88	176
ja	尊敬	noun	1	3	132	175
ja	友人	noun	1	3	25	175
ja	注文	noun	1	3	102	174
ja	言語	noun	1	3	45	174
ja	予約	noun	1	3	61	173
ja	嘘	noun	1	3	28	172
ja	少し	adverb	1	3	26	172
ja	作る	verb	1	3	66	171
ja	初めて	adverb	1	3	52	171
ja	着く	verb	1	3	52	170
ja	町	noun	1	3	18	170
ja	出身	noun	1	3	118	169
ja	招待	noun	1	3	89	169
ja	残っ	verb	1	3	136	168
ja	泣い	verb	1	3	122	167
ja	度	noun	1	3	16	167
ja	呼ん	verb	1	3	134	166
ja	失っ	verb	1	3	114	166
ja	不足	noun	1	3	59	165
ja	続い	verb	1	3	104	164
ja	正直	noun	1	3	31	163
ja	弟	noun	1	3	22	163
ja	だめ	noun	1	3	85	162
ja	なくし	verb	1	3	96	161
ja	無理	noun	1	3	77	161
ja	修理	noun	1	3	67	161
ja	なし	noun	1	3	52	160
ja	切っ	verb	1	3	101	159
ja	行わ	verb	1	3	137	158
ja	果たし	verb	1	3	121	158
ja	聞か	verb	1	3	110	157
ja	いれ	verb	1	3	55	157
ja	帰る	verb	1	3	54	157
ja	要求	noun	1	3	86	155
ja	一	noun	1	3	6	155
ja	呼ば	verb	1	3	98	154
ja	飲む	verb	1	3	62	154
ja	食事	noun	1	3	13	154
ja	飼っ	verb	1	3	129	153
ja	幸福	noun	1	3	51	153
ja	つか	verb	1	3	117	152
ja	聞く	verb	1	3	44	152
ja	訪れ	verb	1	3	110	150
ja	無い	adjective	1	3	95	149
ja	限ら	verb	1	3	141	148
ja	掃除	noun	1	3	55	148
ja	働く	verb	1	3	67	147
ja	起こし	verb	1	3	112	146
ja	小さい	adjective	1	3	60	146
ja	食べ物	noun	1	3	29	146
ja	うまい	adjective	1	3	103	145
ja	かわいい	adjective	1	3	61	145
ja	キス	noun	1	3	55	145
ja	真実	noun	1	3	28	145
ja	紹介	noun	1	3	96	144
ja	取り	verb	1	3	97	143
ja	ダメ	noun	1	3	87	143
ja	書か	verb	1	3	86	143
ja	信頼	noun	1	3	61	142
ja	責任	noun	1	3	25	141
ja	離れ	verb	1	3	80	140
ja	黙っ	verb	1	3	60	140
ja	閉め	verb	1	3	119	138
ja	選ん	verb	1	3	103	137
ja	旅	noun	1	3	31	137
ja	うれしい	adjective	1	3	116	135
ja	鳴っ	verb	1	3	92	135
ja	迎え	verb	1	3	55	135
ja	番	noun	1	3	44	135
ja	笑わ	verb	1	3	78	134
ja	休ん	verb	1	3	92	133
ja	鍵	noun	1	3	14	133
ja	次第	noun	1	3	63	132
ja	回復	noun	1	3	65	131
ja	楽しかっ	adjective	1	3	118	130
ja	逃げ	verb	1	3	100	130
ja	亡くなっ	verb	1	3	76	130
ja	ごめん	noun	1	3	52	130
ja	間違え	verb	1	3	90	129
ja	降る	verb	1	3	72	129
ja	嬉しい	adjective	1	3	114	128
ja	失礼	noun	1	3	49	128
ja	合わ	verb	1	3	109	127
ja	冗談	noun	1	3	28	127
ja	少女	noun	1	3	17	127
ja	払っ	verb	1	3	92	126
ja	付け	verb	1	3	81	125
ja	入れる	verb	1	3	56	125
ja	ひどい	adjective	1	3	38	125
ja	気づい	verb	1	3	106	124
ja	売っ	verb	1	3	105	124
ja	やつ	noun	1	3	74	124
ja	奴	noun	1	3	48	124
ja	持ち	verb	1	3	108	123
ja	働き	verb	1	3	74	122
ja	走る	verb	1	3	65	121
ja	早起き	noun	1	3	44	121
ja	店	noun	1	3	17	121
ja	歩き	verb	1	3	91	120
ja	信用	noun	1	3	84	120
ja	上げ	verb	1	3	81	119
ja	バス	noun	1	3	6	119
ja	選手	noun	1	3	54	117
ja	連れ	verb	1	3	20	117
ja	負け	verb	1	3	67	116
ja	どちら	compounds	1	3	19	116
ja	話さ	verb	1	3	95	115
ja	空い	verb	1	3	86	115
ja	案内	noun	1	3	61	115
ja	泳い	verb	1	3	47	115
ja	もらい	verb	1	3	35	115
ja	カメラ	noun	1	3	13	115
ja	現れ	verb	1	3	96	114
ja	消え	verb	1	3	93	114
ja	確認	noun	1	3	70	114
ja	いく	verb	1	3	42	114
ja	泣き	verb	1	3	36	113
ja	提出	noun	1	3	87	112
ja	怖い	adjective	1	3	77	112
ja	とる	verb	1	3	42	112
ja	いただき	verb	1	3	30	112
ja	出す	verb	1	3	39	111
ja	起こる	verb	1	3	35	110
ja	思え	verb	1	3	94	109
ja	返し	verb	1	3	93	109
ja	つき	verb	1	3	75	109
ja	びっくり	noun	1	3	69	109
ja	勝つ	verb	1	3	42	109
ja	苦手	noun	1	3	103	108
ja	うんざり	adverb	1	3	103	108
ja	歌っ	verb	1	3	83	108
ja	出来る	verb	1	3	23	108
ja	月	noun	1	3	9	108
ja	増え	verb	1	3	94	107
ja	通し	verb	1	3	62	107
ja	いき	verb	1	3	58	107
ja	泳ぐ	verb	1	3	37	107
ja	興奮	noun	1	3	63	106
ja	訪問	noun	1	3	60	106
ja	盗ま	verb	1	3	85	105
ja	入ら	verb	1	3	80	105
ja	安い	adjective	1	3	42	105
ja	発明	noun	1	3	39	105
ja	くる	verb	1	3	38	105
ja	勤勉	noun	1	3	35	105
ja	理由	noun	1	3	16	105
ja	年上	noun	1	3	86	104
ja	暑い	adjective	1	3	67	104
ja	非難	noun	1	3	66	104
ja	少ない	adjective	1	3	65	104
ja	起きる	verb	1	3	59	104
ja	相談	noun	1	3	54	104
ja	歌手	noun	1	3	34	104
ja	なくなっ	verb	1	3	80	103
ja	とこ	noun	1	3	50	103
ja	近く	noun	1	3	17	103
ja	高	adjective	1	3	58	102
ja	眠れ	verb	1	3	85	101
ja	帰り	verb	1	3	85	101
ja	始まる	verb	1	3	77	101
ja	守ら	verb	1	3	76	101
ja	守る	verb	1	3	31	101
ja	息子	noun	1	3	6	101
ja	始まっ	verb	1	3	85	100
ja	手伝い	noun	1	3	37	100
ja	学び	verb	1	3	86	99
ja	一致	noun	1	3	78	99
ja	許し	verb	1	3	78	99
ja	近い	adjective	1	3	27	99
ja	いや	compounds	1	3	19	99
ja	色	noun	1	3	18	99
ja	速い	adjective	1	3	69	97
ja	すごい	adjective	1	3	47	97
ja	変	noun	1	3	29	96
ja	すばらしい	adjective	1	3	26	96
ja	駄目	noun	1	3	81	95
ja	耐え	verb	1	3	79	95
ja	恐れ	verb	1	3	74	95
ja	気持ち	noun	1	3	15	95
ja	飲ま	verb	1	3	75	94
ja	早い	adjective	1	3	66	94
ja	直し	verb	1	3	71	93
ja	足り	verb	1	3	58	93
ja	待た	verb	1	3	57	93
ja	ほしい	adjective	1	3	74	92
ja	迷っ	verb	1	3	74	92
ja	落とし	verb	1	3	74	92
ja	買わ	verb	1	3	71	92
ja	買え	verb	1	3	82	91
ja	作ら	verb	1	3	77	91
ja	勝っ	verb	1	3	71	91
ja	上がっ	verb	1	3	74	90
ja	壊れ	verb	1	3	62	90
ja	集中	noun	1	3	61	90
ja	賢い	adjective	1	3	40	90
ja	述べ	verb	1	3	79	89
ja	良かっ	adjective	1	3	66	89
ja	使え	verb	1	3	64	89
ja	歓迎	noun	1	3	60	89
ja	吸っ	verb	1	3	58	89
ja	送り	verb	1	3	82	88
ja	欠席	noun	1	3	50	88
ja	種	noun	1	3	20	88
ja	育て	verb	1	3	83	87
ja	建て	verb	1	3	76	87
ja	加え	verb	1	3	58	87
ja	選択	noun	1	3	45	87
ja	入院	noun	1	3	40	87
ja	パスタ	noun	1	3	12	87
ja	あげよう	verb	1	3	81	86
ja	洗っ	verb	1	3	62	86
ja	大き	adjective	1	3	48	86
ja	教師	noun	1	3	30	86
ja	鳥	noun	1	3	17	86
ja	着き	verb	1	3	74	85
ja	捨て	verb	1	3	63	85
ja	暇	noun	1	3	37	85
ja	置き	verb	1	3	70	84
ja	いらっしゃい	verb	1	3	60	84
ja	無視	noun	1	3	54	84
ja	行ける	verb	1	3	52	84
ja	すい	verb	1	3	47	84
ja	受ける	verb	1	3	42	84
ja	休み	noun	1	3	28	84
ja	がっかり	adverb	1	3	63	83
ja	当て	verb	1	3	63	83
ja	願っ	verb	1	3	74	82
ja	終わら	verb	1	3	52	82
ja	捜し	verb	1	3	52	82
ja	明るい	adjective	1	3	37	82
ja	もたらし	verb	1	3	76	81
ja	完成	noun	1	3	52	81
ja	引い	verb	1	3	51	81
ja	描い	verb	1	3	47	81
ja	信じる	verb	1	3	44	81
ja	死ぬ	verb	1	3	26	81
ja	一杯	adverb	1	3	17	81
ja	木	noun	1	3	15	81
ja	許さ	verb	1	3	73	80
ja	走り	verb	1	3	51	79
ja	軽蔑	noun	1	3	66	78
ja	捕まえ	verb	1	3	63	78
ja	中	noun	1	3	6	78
ja	禁止	noun	1	3	63	77
ja	立た	verb	1	3	64	76
ja	登っ	verb	1	3	63	76
ja	倒れ	verb	1	3	57	76
ja	退屈	noun	1	3	44	76
ja	おもしろい	adjective	1	3	32	76
ja	達し	verb	1	3	73	75
ja	遅れる	verb	1	3	55	75
ja	聞こえる	verb	1	3	52	75
ja	都市	noun	1	3	32	75
ja	近づい	verb	1	3	61	74
ja	尽くし	verb	1	3	48	74
ja	合っ	verb	1	3	44	74
ja	自殺	noun	1	3	34	74
ja	優しい	adjective	1	3	29	74
ja	ゲーム	noun	1	3	15	74
ja	流れ	verb	1	3	65	73
ja	選ば	verb	1	3	56	73
ja	怖	adjective	1	3	53	73
ja	卒業	noun	1	3	41	73
ja	完璧	noun	1	3	31	73
ja	泳げ	verb	1	3	69	72
ja	切れ	verb	1	3	57	72
ja	撮っ	verb	1	3	55	72
ja	紳士	noun	1	3	30	72
ja	歩け	verb	1	3	64	71
ja	つかん	verb	1	3	62	71
ja	ひい	verb	1	3	46	71
ja	怒ら	verb	1	3	44	71
ja	魅力	noun	1	3	22	71
ja	習っ	verb	1	3	63	70
ja	聴い	verb	1	3	47	70
ja	付い	verb	1	3	42	70
ja	渡っ	verb	1	3	39	70
ja	途中	noun	1	3	16	70
ja	いたし	verb	1	3	14	70
ja	叫ん	verb	1	3	65	69
ja	で	verb	1	3	58	69
ja	逮捕	noun	1	3	55	69
ja	閉じ	verb	1	3	42	69
ja	持つ	verb	1	3	35	69
ja	ソース	noun	1	3	21	69
ja	始まり	verb	1	3	66	68
ja	開か	verb	1	3	59	68
ja	忙しかっ	adjective	1	3	57	68
ja	とり	verb	1	3	55	68
ja	泊まっ	verb	1	3	53	68
ja	離婚	noun	1	3	36	68
ja	年齢	noun	1	3	23	68
ja	習い	verb	1	3	55	67
ja	決まっ	verb	1	3	52	67
ja	観	verb	1	3	51	67
ja	知り合い	noun	1	3	37	67
ja	ワイン	noun	1	3	14	67
ja	犯し	verb	1	3	46	66
ja	支持	noun	1	3	40	66
ja	呼び	verb	1	3	34	66
ja	終わる	verb	1	3	32	66
ja	機嫌	noun	1	3	20	66
ja	歩く	verb	1	3	20	66
ja	選び	verb	1	3	61	65
ja	止まっ	verb	1	3	51	65
ja	働か	verb	1	3	48	65
ja	押し	verb	1	3	44	65
ja	弾い	verb	1	3	38	65
ja	塗っ	verb	1	3	56	64
ja	隠し	verb	1	3	49	64
ja	呼ぶ	verb	1	3	38	64
ja	頑張っ	verb	1	3	38	64
ja	賢明	noun	1	3	35	64
ja	正確	noun	1	3	29	64
ja	渡し	verb	1	3	54	63
ja	歌い	verb	1	3	46	63
ja	たずね	verb	1	3	53	62
ja	読め	verb	1	3	50	62
ja	輝い	verb	1	3	56	61
ja	見つから	verb	1	3	53	61
ja	打っ	verb	1	3	50	61
ja	専攻	noun	1	3	49	61
ja	掛け	verb	1	3	44	61
ja	実現	noun	1	3	41	61
ja	チェック	noun	1	3	31	61
ja	ケーキ	noun	1	3	7	61
ja	遅い	adjective	1	3	40	60
ja	感じる	verb	1	3	39	60
ja	悪かっ	adjective	1	3	37	60
ja	美人	noun	1	3	36	60
ja	忘れる	verb	1	3	30	60
ja	命じ	verb	1	3	56	58
ja	断っ	verb	1	3	53	58
ja	植え	verb	1	3	53	58
ja	間に合っ	verb	1	3	52	58
ja	あきらめ	verb	1	3	49	58
ja	隠れ	verb	1	3	46	58
ja	感動	noun	1	3	43	58
ja	者	noun	1	3	13	58
ja	兄弟	noun	1	3	12	58
ja	遠慮	noun	1	3	27	57
ja	会え	verb	1	3	14	57
ja	物語	noun	1	3	13	57
ja	違い	verb	1	3	52	56
ja	片付け	verb	1	3	50	56
ja	集まっ	verb	1	3	49	56
ja	遠い	adjective	1	3	46	56
ja	座り	verb	1	3	39	56
ja	暖かい	adjective	1	3	37	56
ja	遅れ	noun	1	3	31	56
ja	タイプ	noun	1	3	31	56
ja	詩人	noun	1	3	24	56
ja	扱っ	verb	1	3	48	55
ja	払わ	verb	1	3	47	55
ja	読ま	verb	1	3	45	55
ja	投げ	verb	1	3	42	55
ja	太っ	verb	1	3	36	55
ja	重い	adjective	1	3	35	55
ja	去っ	verb	1	3	30	55
ja	降ら	verb	1	3	30	55
ja	母	noun	1	3	6	55
ja	洗い	verb	1	3	49	54
ja	戦っ	verb	1	3	46	54
ja	解け	verb	1	3	45	54
ja	かぶっ	verb	1	3	44	54
ja	曲がっ	verb	1	3	39	54
ja	告げ	verb	1	3	37	54
ja	やれ	verb	1	3	29	54
ja	回し	verb	1	3	46	53
ja	勧め	verb	1	3	46	53
ja	間に合う	verb	1	3	27	53
ja	人物	noun	1	3	27	53
ja	希望	noun	1	3	15	53
ja	同然	noun	1	3	47	52
ja	終わり	verb	1	3	43	52
ja	減っ	verb	1	3	40	52
ja	低い	adjective	1	3	35	52
ja	偶然	noun	1	3	22	52
ja	女	noun	1	3	12	52
ja	道	noun	1	3	6	52
ja	戻り	verb	1	3	44	51
ja	安心	noun	1	3	40	51
ja	分け	verb	1	3	40	51
ja	通じ	verb	1	3	36	51
ja	やさしい	adjective	1	3	28	51
ja	演奏	noun	1	3	26	51
ja	かける	verb	1	3	22	51
ja	吹い	verb	1	3	43	50
ja	折っ	verb	1	3	42	50
ja	もっとも	compounds	1	3	41	50
ja	だまさ	verb	1	3	40	50
ja	伸ばし	verb	1	3	35	50
ja	振っ	verb	1	3	33	50
ja	避け	verb	1	3	32	50
ja	払う	verb	1	3	23	50
ja	返事	noun	1	3	17	50
ja	任せ	verb	1	3	41	49
ja	燃え	verb	1	3	40	49
ja	乗れ	verb	1	3	34	49
ja	笑い	verb	1	3	23	49
ja	興味	noun	1	3	8	49
ja	試合	noun	1	3	8	49
ja	当たっ	verb	1	3	37	48
ja	分かん	verb	1	3	36	48
ja	うるさい	adjective	1	3	33	48
ja	おかしい	adjective	1	3	28	48
ja	長	adjective	1	3	24	48
ja	上手い	adjective	1	3	40	47
ja	味方	noun	1	3	35	47
ja	壊し	verb	1	3	32	47
ja	愛さ	verb	1	3	28	47
ja	従っ	verb	1	3	20	47
ja	空	noun	1	3	7	47
ja	手伝い	verb	1	3	40	46
ja	飽き	verb	1	3	37	46
ja	たたい	verb	1	3	34	46
ja	幸い	noun	1	3	28	46
ja	休憩	noun	1	3	23	46
ja	甘い	adjective	1	3	21	46
ja	晴れ	verb	1	3	20	46
ja	泳ぎ	verb	1	3	15	46
ja	帰ら	verb	1	3	30	45
ja	間に合わ	verb	1	3	28	45
ja	合わせ	verb	1	3	21	45
ja	好み	noun	1	3	17	45
ja	ピザ	noun	1	3	7	45
ja	多かっ	adjective	1	3	43	44
ja	下がっ	verb	1	3	39	44
ja	欠け	verb	1	3	39	44
ja	いら	verb	1	3	32	44
ja	首都	noun	1	3	22	44
ja	留守	noun	1	3	20	44
ja	待つ	verb	1	3	14	44
ja	パーティー	noun	1	3	6	44
ja	奪っ	verb	1	3	43	43
ja	従わ	verb	1	3	39	43
ja	美味し	adjective	1	3	38	43
ja	回っ	verb	1	3	34	43
ja	飲め	verb	1	3	31	43
ja	浴び	verb	1	3	31	43
ja	辞め	verb	1	3	30	43
ja	越し	verb	1	3	28	43
ja	欲しかっ	adjective	1	3	26	43
ja	生まれ	noun	1	3	23	43
ja	責め	verb	1	3	39	42
ja	緊張	noun	1	3	34	42
ja	傷つけ	verb	1	3	31	42
ja	割っ	verb	1	3	27	42
ja	従う	verb	1	3	25	42
ja	とおり	noun	1	3	17	42
ja	邪魔	noun	1	3	14	42
ja	クリーム	noun	1	3	7	42
ja	名づけ	verb	1	3	40	41
ja	たまら	verb	1	3	38	41
ja	立ち	verb	1	3	37	41
ja	やめろ	verb	1	3	37	41
ja	リラックス	noun	1	3	30	41
ja	天才	noun	1	3	27	41
ja	来れ	verb	1	3	26	41
ja	青い	adjective	1	3	25	41
ja	厳しい	adjective	1	3	21	41
ja	取れ	verb	1	3	34	40
ja	伺い	verb	1	3	29	40
ja	納得	noun	1	3	27	40
ja	新聞	noun	1	3	7	40
ja	自由	noun	1	3	6	40
ja	楽しみ	verb	1	3	37	39
ja	あい	verb	1	3	32	39
ja	そっくり	compounds	1	3	32	39
ja	とら	verb	1	3	32	39
ja	守っ	verb	1	3	31	39
ja	戻る	verb	1	3	16	39
ja	恥じ	verb	1	3	36	38
ja	存知	noun	1	3	34	38
ja	開き	verb	1	3	34	38
ja	達成	noun	1	3	23	38
ja	別れ	verb	1	3	20	38
ja	趣味	noun	1	3	9	38
ja	面白かっ	adjective	1	3	37	37
ja	とれ	verb	1	3	34	37
ja	数え	verb	1	3	32	37
ja	面白	adjective	1	3	32	37
ja	触れ	verb	1	3	32	37
ja	きか	verb	1	3	30	37
ja	脱い	verb	1	3	29	37
ja	持た	verb	1	3	27	37
ja	備え	verb	1	3	25	37
ja	手伝う	verb	1	3	22	37
ja	奪わ	verb	1	3	35	36
ja	切り	verb	1	3	34	36
ja	存じ	verb	1	3	31	36
ja	住み	verb	1	3	31	36
ja	痛む	verb	1	3	31	36
ja	動か	verb	1	3	29	36
ja	起こり	verb	1	3	27	36
ja	育っ	verb	1	3	25	36
ja	広い	adjective	1	3	25	36
ja	悲しい	adjective	1	3	21	36
ja	遊び	verb	1	3	17	36
ja	国民	noun	1	3	13	36
ja	震え	verb	1	3	32	35
ja	下手	noun	1	3	28	35
ja	禁煙	noun	1	3	20	35
ja	アイデア	noun	1	3	19	35
ja	弾く	verb	1	3	16	35
ja	クラス	noun	1	3	7	35
ja	履い	verb	1	3	29	34
ja	あけ	verb	1	3	26	34
ja	引っ越し	verb	1	3	26	34
ja	ちょうだい	noun	1	3	25	34
ja	もらえ	verb	1	3	21	34
ja	複雑	noun	1	3	20	34
ja	アレルギー	noun	1	3	16	34
ja	広まっ	verb	1	3	32	33
ja	つない	verb	1	3	29	33
ja	よろしく	adverb	1	3	23	33
ja	バカ	noun	1	3	19	33
ja	赤い	adjective	1	3	16	33
ja	会わ	verb	1	3	30	32
ja	多	adjective	1	3	29	32
ja	変わり	verb	1	3	27	32
ja	驚か	verb	1	3	26	32
ja	休み	verb	1	3	26	32
ja	殺さ	verb	1	3	25	32
ja	辛い	adjective	1	3	14	32
ja	痛み	verb	1	3	31	31
ja	寂しい	adjective	1	3	28	31
ja	失望	noun	1	3	27	31
ja	うれしかっ	adjective	1	3	27	31
ja	署名	noun	1	3	23	31
ja	雪	noun	1	3	7	31
ja	美味しかっ	adjective	1	3	30	30
ja	拒否	noun	1	3	27	30
ja	持ち主	noun	1	3	26	30
ja	弱い	adjective	1	3	25	30
ja	諦め	verb	1	3	24	30
ja	出来事	noun	1	3	14	30
ja	デート	noun	1	3	14	30
ja	あげる	verb	1	3	14	30
ja	素晴らしかっ	adjective	1	3	29	29
ja	増し	verb	1	3	27	29
ja	ふけっ	verb	1	3	26	29
ja	楽し	adjective	1	3	24	29
ja	焼い	verb	1	3	23	29
ja	おめでとう	compounds	1	3	14	29
ja	ニュース	noun	1	3	7	29
ja	週間	noun	1	3	6	29
ja	表し	verb	1	3	26	28
ja	あふれ	verb	1	3	26	28
ja	狂っ	verb	1	3	23	28
ja	雇っ	verb	1	3	23	28
ja	思える	verb	1	3	23	28
ja	抜い	verb	1	3	22	28
ja	可愛い	adjective	1	3	22	28
ja	季節	noun	1	3	12	28
ja	秘密	noun	1	3	7	28
ja	名付け	verb	1	3	27	27
ja	届い	verb	1	3	26	27
ja	踊っ	verb	1	3	21	27
ja	流し	verb	1	3	21	27
ja	通学	noun	1	3	20	27
ja	誤解	noun	1	3	16	27
ja	幸運	noun	1	3	6	27
ja	クッキー	noun	1	3	6	27
ja	襲っ	verb	1	3	25	26
ja	酔っ	verb	1	3	23	26
ja	殺し	verb	1	3	20	26
ja	会える	verb	1	3	19	26
ja	居	verb	1	3	18	26
ja	終わり	noun	1	3	18	26
ja	かまわ	verb	1	3	22	25
ja	無料	noun	1	3	19	25
ja	寄っ	verb	1	3	19	25
ja	応じ	verb	1	3	18	25
ja	濡れ	verb	1	3	14	25
ja	タコス	noun	1	3	6	25
ja	演じ	verb	1	3	24	24
ja	襲わ	verb	1	3	23	24
ja	ファン	noun	1	3	21	24
ja	控え	verb	1	3	20	24
ja	負え	verb	1	3	20	24
ja	弾き	verb	1	3	20	24
ja	あり	noun	1	3	18	24
ja	読める	verb	1	3	16	24
ja	合図	noun	1	3	15	24
ja	クリスマス	noun	1	3	10	24
ja	招い	verb	1	3	22	23
ja	抜け	verb	1	3	18	23
ja	吸わ	verb	1	3	16	23
ja	不明	noun	1	3	12	23
ja	人形	noun	1	3	7	23
ja	先	noun	1	3	6	23
ja	しろ	verb	1	3	6	23
ja	殴っ	verb	1	3	22	22
ja	咲い	verb	1	3	21	22
ja	祈り	verb	1	3	20	22
ja	晴れる	verb	1	3	13	22
ja	独身	noun	1	3	13	22
ja	レシピ	noun	1	3	13	22
ja	恋しい	adjective	1	3	20	21
ja	割れ	verb	1	3	17	21
ja	無くし	verb	1	3	15	21
ja	罰せ	verb	1	3	14	21
ja	寒かっ	adjective	1	3	13	21
ja	仲間	noun	1	3	8	21
ja	チーム	noun	1	3	7	21
ja	払い	verb	1	3	20	20
ja	片づけ	verb	1	3	19	20
ja	かなわ	verb	1	3	19	20
ja	済ま	verb	1	3	18	20
ja	遭っ	verb	1	3	18	20
ja	泣か	verb	1	3	12	20
ja	みなし	verb	1	3	19	19
ja	詳しい	adjective	1	3	18	19
ja	待て	verb	1	3	17	19
ja	見つかっ	verb	1	3	16	19
ja	及ば	verb	1	3	16	19
ja	泊まり	verb	1	3	15	19
ja	恥ずかしい	adjective	1	3	15	19
ja	負傷	noun	1	3	15	19
ja	やろう	verb	1	3	15	19
ja	笑う	verb	1	3	15	19
ja	微笑ん	verb	1	3	14	19
ja	認める	verb	1	3	14	19
ja	しゃべる	verb	1	3	14	19
ja	熱い	adjective	1	3	8	19
ja	なぜ	adverb	1	3	7	19
ja	会おう	verb	1	3	17	18
ja	抑え	verb	1	3	16	18
ja	任命	noun	1	3	16	18
ja	伝統	noun	1	3	6	18
ja	構い	verb	1	3	17	17
ja	年下	noun	1	3	17	17
ja	要る	verb	1	3	16	17
ja	イライラ	noun	1	3	16	17
ja	無かっ	adjective	1	3	15	17
ja	青ざめ	verb	1	3	15	17
ja	ご覧	noun	1	3	15	17
ja	からかっ	verb	1	3	15	17
ja	預け	verb	1	3	14	17
ja	合い	verb	1	3	14	17
ja	拒絶	noun	1	3	14	17
ja	双子	noun	1	3	7	17
ja	キロ	noun	1	3	6	17
ja	全部	noun	1	3	6	17
ja	申し	verb	1	3	16	16
ja	始めよう	verb	1	3	16	16
ja	つかまえ	verb	1	3	15	16
ja	祈っ	verb	1	3	15	16
ja	漏れ	verb	1	3	14	16
ja	嬉しかっ	adjective	1	3	15	15
ja	手渡し	verb	1	3	15	15
ja	曇っ	verb	1	3	15	15
ja	脱ぎ	verb	1	3	14	15
ja	食べよう	verb	1	3	13	15
ja	裏切っ	verb	1	3	13	15
ja	死な	verb	1	3	12	15
ja	平和	noun	1	3	7	15
ja	答え	noun	1	3	6	15
ja	要り	verb	1	3	14	14
ja	全焼	noun	1	3	14	14
ja	衰え	verb	1	3	14	14
ja	昇っ	verb	1	3	14	14
ja	集まり	verb	1	3	14	14
ja	捕まっ	verb	1	3	13	14
ja	済み	verb	1	3	12	14
ja	休日	noun	1	3	7	14
ja	鉛筆	noun	1	3	7	14
ja	芸術	noun	1	3	6	14
ja	満たし	verb	1	3	13	13
ja	弾け	verb	1	3	13	13
ja	追っ	verb	1	3	13	13
ja	誘っ	verb	1	3	12	13
ja	流行っ	verb	1	3	12	13
ja	つまら	verb	1	3	9	13
ja	短い	adjective	1	3	9	13
ja	何時	noun	1	3	9	13
ja	ひく	verb	1	3	7	13
ja	コメディ	noun	1	3	7	13
ja	扱い	noun	1	3	6	13
ja	頂け	verb	1	3	6	13
ja	参り	verb	1	3	12	12
ja	眠い	adjective	1	3	11	12
ja	踊り	verb	1	3	9	12
ja	退職	noun	1	3	8	12
ja	軽い	adjective	1	3	8	12
ja	作家	noun	1	3	7	12
ja	青	noun	1	3	6	12
ja	俳優	noun	1	3	6	12
ja	愛する	verb	1	3	6	12
ja	貧乏	noun	1	3	6	12
ja	メンバー	noun	1	3	9	11
ja	勝ち	verb	1	3	9	11
ja	吸う	verb	1	3	7	11
ja	全て	noun	1	3	7	11
ja	泣く	verb	1	3	6	11
ja	完了	noun	1	3	10	10
ja	刺さ	verb	1	3	10	10
ja	ぶつかっ	verb	1	3	10	10
ja	受かっ	verb	1	3	10	10
ja	泳げる	verb	1	3	9	10
ja	公平	noun	1	3	9	10
ja	空っぽ	noun	1	3	9	10
ja	汚い	adjective	1	3	8	10
ja	回	noun	1	3	8	10
ja	ぴったり	compounds	1	3	8	10
ja	ベジタリアン	noun	1	3	7	10
ja	親友	noun	1	3	7	10
ja	木製	noun	1	3	7	10
ja	嘘つき	noun	1	3	7	10
ja	冷たい	adjective	1	3	7	10
ja	番組	noun	1	3	6	10
ja	科目	noun	1	3	6	10
ja	満開	noun	1	3	9	9
ja	譲っ	verb	1	3	9	9
ja	遊ぼう	verb	1	3	9	9
ja	つかまっ	verb	1	3	9	9
ja	母語	noun	1	3	9	9
ja	何色	noun	1	3	8	9
ja	恐い	adjective	1	3	8	9
ja	たっぷり	adverb	1	3	8	9
ja	謝ら	verb	1	3	7	9
ja	白い	adjective	1	3	7	9
ja	一員	noun	1	3	7	9
ja	話そう	verb	1	3	7	9
ja	好物	noun	1	3	7	9
ja	最悪	noun	1	3	6	9
ja	休む	verb	1	3	6	9
ja	出せ	verb	1	3	6	9
ja	ハリー	noun	1	3	6	9
ja	汚れ	verb	1	3	8	8
ja	一種	noun	1	3	8	8
ja	出	noun	1	3	8	8
ja	屈し	verb	1	3	8	8
ja	かゆい	adjective	1	3	8	8
ja	渇い	verb	1	3	8	8
ja	さらさ	verb	1	3	8	8
ja	きつい	adjective	1	3	8	8
ja	うぬぼれ	verb	1	3	8	8
ja	鳴らし	verb	1	3	7	8
ja	臭い	adjective	1	3	7	8
ja	古典	noun	1	3	7	8
ja	無くなっ	verb	1	3	7	8
ja	トレンド	noun	1	3	7	8
ja	時代	noun	1	3	6	8
ja	臆病	noun	1	3	6	8
ja	召し上がり	verb	1	3	6	8
ja	乗ら	verb	1	3	7	7
ja	以上	noun	1	3	7	7
ja	敏感	noun	1	3	7	7
ja	果たす	verb	1	3	7	7
ja	触っ	verb	1	3	7	7
ja	外し	verb	1	3	7	7
ja	解ら	verb	1	3	7	7
ja	よせ	verb	1	3	7	7
ja	縛ら	verb	1	3	7	7
ja	怠け者	noun	1	3	6	7
ja	手伝わ	verb	1	3	6	7
ja	返せ	verb	1	3	6	7
ja	仲直り	noun	1	3	6	7
ja	治っ	verb	1	3	6	7
ja	苦い	adjective	1	3	6	7
ja	横切っ	verb	1	3	6	7
ja	ほめ	verb	1	3	6	7
ja	吸い	verb	1	3	6	7
ja	惚れ	noun	1	3	6	7
ja	うなずい	verb	1	3	6	7
ja	やれる	verb	1	3	6	7
ja	おさまっ	verb	1	3	6	7
ja	勝ち	noun	1	3	6	6
ja	待とう	verb	1	3	6	6
ja	待ち遠しい	adjective	1	3	6	6
ja	長生き	noun	1	3	6	6
ja	ひき	verb	1	3	6	6
ja	祝い	verb	1	3	6	6
ja	落とさ	verb	1	3	6	6
ja	やめよう	verb	1	3	6	6
ja	眠り	verb	1	3	6	6
ja	払え	verb	1	3	6	6
ja	生え	verb	1	3	6	6
ja	聞け	verb	1	3	6	6
ja	仲良し	noun	1	3	6	6
ja	済ん	verb	1	3	6	6
ja	ふさい	verb	1	3	6	6
ja	ドキドキ	adverb	1	3	6	6
ja	句読点	noun	1	3	6	6
ja	同感	noun	1	3	6	6
ja	生む	verb	1	3	6	6
ja	在宅	noun	1	3	6	6
ja	忙し	adjective	1	3	6	6
ja	送る	verb	1	3	6	6
ja	寝坊	noun	1	3	6	6
ja	とき	noun	4	5	29	877
ja	主張	noun	4	5	566	770
ja	父	noun	4	5	12	723
ja	わけ	noun	4	5	419	616
ja	研究	noun	4	5	138	611
ja	ほう	noun	4	5	57	605
ja	しまっ	verb	4	5	15	493
ja	議論	noun	4	5	150	485
ja	強調	noun	4	5	345	381
ja	昨日	noun	4	5	7	355
ja	発見	noun	4	5	195	348
ja	英語	noun	4	5	7	294
ja	顔	noun	4	5	15	238
ja	円	noun	4	5	38	231
ja	使用	noun	4	5	91	227
ja	提案	noun	4	5	78	213
ja	事実	noun	4	5	21	202
ja	経験	noun	4	5	34	196
ja	遊ん	verb	4	5	141	194
ja	含ま	verb	4	5	165	190
ja	頼ん	verb	4	5	144	187
ja	学ぶ	verb	4	5	39	182
ja	頃	noun	4	5	14	169
ja	実行	noun	4	5	64	163
ja	決心	noun	4	5	71	157
ja	はっきり	adverb	4	5	41	157
ja	忠告	noun	4	5	55	156
ja	進ん	verb	4	5	122	152
ja	期待	noun	4	5	65	152
ja	提供	noun	4	5	101	149
ja	困難	noun	4	5	38	147
ja	市	noun	4	5	47	146
ja	翻訳	noun	4	5	84	145
ja	調査	noun	4	5	50	143
ja	プレゼント	noun	4	5	20	140
ja	川	noun	4	5	7	140
ja	所	noun	4	5	25	135
ja	苦労	noun	4	5	77	132
ja	中心	noun	4	5	57	131
ja	確信	noun	4	5	113	129
ja	後悔	noun	4	5	93	126
ja	飛ん	verb	4	5	96	124
ja	自慢	noun	4	5	73	124
ja	否定	noun	4	5	91	123
ja	山	noun	4	5	10	118
ja	延期	noun	4	5	85	114
ja	説得	noun	4	5	29	113
ja	あれ	verb	4	5	14	112
ja	知る	verb	4	5	26	109
ja	もん	noun	4	5	85	108
ja	立つ	verb	4	5	57	108
ja	状態	noun	4	5	35	104
ja	望ん	verb	4	5	80	102
ja	朝	noun	4	5	6	101
ja	示し	verb	4	5	92	100
ja	故障	noun	4	5	81	98
ja	与える	verb	4	5	48	98
ja	練習	noun	4	5	29	97
ja	学ん	verb	4	5	77	96
ja	絵	noun	4	5	10	96
ja	重視	noun	4	5	72	95
ja	成長	noun	4	5	20	95
ja	判断	noun	4	5	38	94
ja	中止	noun	4	5	36	94
ja	援助	noun	4	5	16	91
ja	浮かん	verb	4	5	83	90
ja	運ん	verb	4	5	80	89
ja	申し訳	noun	4	5	33	88
ja	評価	noun	4	5	51	87
ja	用意	noun	4	5	29	86
ja	取る	verb	4	5	24	86
ja	表現	noun	4	5	42	83
ja	習慣	noun	4	5	20	82
ja	想像	noun	4	5	39	79
ja	優れ	verb	4	5	36	79
ja	見つける	verb	4	5	28	78
ja	残し	verb	4	5	47	77
ja	記録	noun	4	5	32	76
ja	違っ	verb	4	5	34	75
ja	不思議	noun	4	5	30	74
ja	ごらん	noun	4	5	16	73
ja	訳し	verb	4	5	58	71
ja	世話	noun	4	5	6	71
ja	解雇	noun	4	5	49	70
ja	経営	noun	4	5	33	66
ja	乗る	verb	4	5	22	65
ja	倍	noun	4	5	15	64
ja	集め	verb	4	5	49	63
ja	供給	noun	4	5	41	63
ja	つける	verb	4	5	30	63
ja	便利	noun	4	5	34	60
ja	マイル	noun	4	5	13	59
ja	暗記	noun	4	5	42	58
ja	流行	noun	4	5	23	58
ja	上昇	noun	4	5	38	57
ja	進歩	noun	4	5	25	57
ja	覆わ	verb	4	5	48	56
ja	出さ	verb	4	5	32	55
ja	値	noun	4	5	30	55
ja	貯金	noun	4	5	24	54
ja	離陸	noun	4	5	38	53
ja	直面	noun	4	5	36	53
ja	向け	verb	4	5	26	53
ja	答える	verb	4	5	21	53
ja	気付い	verb	4	5	45	52
ja	廃止	noun	4	5	39	52
ja	安全	noun	4	5	13	52
ja	努め	verb	4	5	47	51
ja	交換	noun	4	5	26	51
ja	増加	noun	4	5	37	50
ja	役立つ	verb	4	5	30	49
ja	変更	noun	4	5	23	49
ja	抱い	verb	4	5	37	48
ja	発表	noun	4	5	29	48
ja	優勝	noun	4	5	27	48
ja	文	noun	4	5	6	48
ja	欲し	adjective	4	5	30	47
ja	動い	verb	4	5	29	47
ja	並ん	verb	4	5	27	47
ja	常	noun	4	5	6	47
ja	解い	verb	4	5	33	45
ja	許可	noun	4	5	24	45
ja	挑戦	noun	4	5	23	45
ja	向い	verb	4	5	27	44
ja	いわ	verb	4	5	35	43
ja	乗せ	verb	4	5	28	43
ja	目的	noun	4	5	8	43
ja	頼っ	verb	4	5	38	42
ja	かまい	verb	4	5	37	42
ja	苦しん	verb	4	5	36	42
ja	採用	noun	4	5	31	42
ja	出版	noun	4	5	30	42
ja	驚き	noun	4	5	25	42
ja	指摘	noun	4	5	31	41
ja	異なる	verb	4	5	30	41
ja	支配	noun	4	5	15	41
ja	半	noun	4	5	8	41
ja	構成	noun	4	5	31	40
ja	診	verb	4	5	24	40
ja	所有	noun	4	5	24	40
ja	過ごす	verb	4	5	17	40
ja	発音	noun	4	5	15	40
ja	挨拶	noun	4	5	13	40
ja	演説	noun	4	5	8	40
ja	戻し	verb	4	5	36	39
ja	基づい	verb	4	5	30	39
ja	渡る	verb	4	5	15	39
ja	確かめ	verb	4	5	37	38
ja	変わる	verb	4	5	29	38
ja	開催	noun	4	5	29	38
ja	すん	verb	4	5	25	38
ja	証明	noun	4	5	21	38
ja	合う	verb	4	5	20	38
ja	進む	verb	4	5	24	37
ja	疑わしい	adjective	4	5	23	37
ja	学者	noun	4	5	13	37
ja	いらいら	noun	4	5	26	36
ja	眺め	verb	4	5	29	35
ja	要素	noun	4	5	19	35
ja	攻撃	noun	4	5	12	35
ja	人気	noun	4	5	6	35
ja	記入	noun	4	5	33	34
ja	好か	verb	4	5	31	34
ja	死に	verb	4	5	20	34
ja	比較	noun	4	5	16	34
ja	命令	noun	4	5	13	34
ja	従事	noun	4	5	32	33
ja	こぼし	verb	4	5	29	33
ja	暮れ	verb	4	5	26	33
ja	訪れる	verb	4	5	13	33
ja	検討	noun	4	5	19	32
ja	警告	noun	4	5	18	32
ja	爆発	noun	4	5	12	32
ja	ばか	noun	4	5	9	32
ja	杯	noun	4	5	7	32
ja	ころ	noun	4	5	6	32
ja	恵まれ	verb	4	5	29	31
ja	沈ん	verb	4	5	26	31
ja	盗ん	verb	4	5	18	31
ja	ノック	noun	4	5	17	31
ja	解釈	noun	4	5	14	31
ja	治療	noun	4	5	12	31
ja	勤め	verb	4	5	28	30
ja	専念	noun	4	5	27	30
ja	亡くなり	verb	4	5	25	30
ja	慣れる	verb	4	5	22	30
ja	たて	verb	4	5	15	30
ja	うそ	noun	4	5	7	30
ja	訴え	verb	4	5	27	29
ja	抱え	verb	4	5	25	29
ja	保証	noun	4	5	21	29
ja	謝っ	verb	4	5	18	29
ja	処理	noun	4	5	15	29
ja	独立	noun	4	5	14	29
ja	洗濯	noun	4	5	7	29
ja	性格	noun	4	5	6	29
ja	彼氏	noun	4	5	6	29
ja	精通	noun	4	5	27	28
ja	走ら	verb	4	5	23	28
ja	破壊	noun	4	5	18	28
ja	一杯	noun	4	5	16	28
ja	重	adjective	4	5	7	28
ja	売ら	verb	4	5	26	27
ja	発生	noun	4	5	20	27
ja	名	noun	4	5	6	27
ja	アドバイス	noun	4	5	6	27
ja	広がっ	verb	4	5	26	26
ja	載っ	verb	4	5	25	26
ja	頼み	verb	4	5	24	26
ja	動く	verb	4	5	19	26
ja	気づか	verb	4	5	15	26
ja	所属	noun	4	5	25	25
ja	栽培	noun	4	5	20	25
ja	覚め	verb	4	5	20	25
ja	混雑	noun	4	5	19	25
ja	取ら	verb	4	5	17	25
ja	教える	verb	4	5	9	25
ja	助ける	verb	4	5	6	25
ja	うわさ	noun	4	5	6	25
ja	救っ	verb	4	5	23	24
ja	疑っ	verb	4	5	21	24
ja	満ち	verb	4	5	21	24
ja	閉まっ	verb	4	5	21	24
ja	続く	verb	4	5	15	24
ja	起こす	verb	4	5	13	24
ja	放送	noun	4	5	13	24
ja	寒	adjective	4	5	7	24
ja	痛め	verb	4	5	22	23
ja	超え	verb	4	5	16	23
ja	小さ	adjective	4	5	14	23
ja	上達	noun	4	5	12	23
ja	喧嘩	noun	4	5	9	23
ja	決定	noun	4	5	6	23
ja	義務	noun	4	5	6	23
ja	尊重	noun	4	5	20	22
ja	いい	verb	4	5	17	22
ja	生きる	verb	4	5	6	22
ja	もっ	verb	4	5	6	22
ja	挙げ	verb	4	5	21	21
ja	仕上げ	verb	4	5	20	21
ja	捧げ	verb	4	5	20	21
ja	腐っ	verb	4	5	19	21
ja	熱中	noun	4	5	19	21
ja	配達	noun	4	5	13	21
ja	メートル	noun	4	5	13	21
ja	好む	verb	4	5	12	21
ja	ほんと	noun	4	5	9	21
ja	切望	noun	4	5	19	20
ja	さがし	verb	4	5	16	20
ja	咲く	verb	4	5	15	20
ja	運命	noun	4	5	6	20
ja	磨い	verb	4	5	19	19
ja	動かし	verb	4	5	16	19
ja	混ん	verb	4	5	16	19
ja	連想	noun	4	5	15	19
ja	美しかっ	adjective	4	5	14	19
ja	承知	noun	4	5	14	19
ja	破っ	verb	4	5	9	19
ja	おか	verb	4	5	8	19
ja	発展	noun	4	5	8	19
ja	サイン	noun	4	5	6	19
ja	下げ	verb	4	5	16	18
ja	握っ	verb	4	5	16	18
ja	言える	verb	4	5	14	18
ja	亡くし	verb	4	5	14	18
ja	横たわっ	verb	4	5	13	18
ja	売れ	verb	4	5	12	18
ja	駐車	noun	4	5	8	18
ja	侮辱	noun	4	5	7	18
ja	距離	noun	4	5	7	18
ja	注い	verb	4	5	17	17
ja	替え	verb	4	5	15	17
ja	下ろし	verb	4	5	15	17
ja	克服	noun	4	5	14	17
ja	走れる	verb	4	5	14	17
ja	揺れ	verb	4	5	13	17
ja	立てる	verb	4	5	10	17
ja	扱わ	verb	4	5	10	17
ja	歌う	verb	4	5	8	17
ja	快適	noun	4	5	7	17
ja	変わら	verb	4	5	6	17
ja	同情	noun	4	5	6	17
ja	没頭	noun	4	5	16	16
ja	悪化	noun	4	5	14	16
ja	はい	verb	4	5	14	16
ja	拡大	noun	4	5	12	16
ja	もたらす	verb	4	5	8	16
ja	着る	verb	4	5	8	16
ja	候補	noun	4	5	7	16
ja	くれる	verb	4	5	6	16
ja	開ける	verb	4	5	6	16
ja	投票	noun	4	5	6	16
ja	汚染	noun	4	5	6	16
ja	包ん	verb	4	5	15	15
ja	属し	verb	4	5	14	15
ja	走れ	verb	4	5	14	15
ja	贈っ	verb	4	5	14	15
ja	祝っ	verb	4	5	12	15
ja	並べ	verb	4	5	12	15
ja	沸騰	noun	4	5	12	15
ja	運ば	verb	4	5	10	15
ja	変える	verb	4	5	8	15
ja	覚悟	noun	4	5	7	15
ja	様子	noun	4	5	7	15
ja	狭い	adjective	4	5	6	15
ja	禁じ	verb	4	5	13	14
ja	収め	verb	4	5	12	14
ja	とまっ	verb	4	5	12	14
ja	残る	verb	4	5	12	14
ja	相続	noun	4	5	12	14
ja	衝突	noun	4	5	11	14
ja	危ない	adjective	4	5	8	14
ja	求める	verb	4	5	8	14
ja	謝る	verb	4	5	7	14
ja	抗議	noun	4	5	7	14
ja	ばかげ	verb	4	5	6	14
ja	分かれ	verb	4	5	13	13
ja	降ろし	verb	4	5	13	13
ja	接し	verb	4	5	12	13
ja	設立	noun	4	5	12	13
ja	かい	verb	4	5	11	13
ja	あたり	verb	4	5	10	13
ja	広げ	verb	4	5	9	13
ja	構わ	verb	4	5	9	13
ja	嬉し	adjective	4	5	9	13
ja	見物	noun	4	5	8	13
ja	歩か	verb	4	5	7	13
ja	あう	verb	4	5	6	13
ja	正しかっ	adjective	4	5	6	13
ja	悩ん	verb	4	5	11	12
ja	感心	noun	4	5	10	12
ja	なさっ	verb	4	5	10	12
ja	骨折	noun	4	5	9	12
ja	混乱	noun	4	5	8	12
ja	治る	verb	4	5	8	12
ja	越え	verb	4	5	7	12
ja	居る	verb	4	5	7	12
ja	望む	verb	4	5	7	12
ja	鋭い	adjective	4	5	7	12
ja	きい	verb	4	5	6	12
ja	体験	noun	4	5	6	12
ja	面し	verb	4	5	11	11
ja	吸収	noun	4	5	10	11
ja	混ぜ	verb	4	5	10	11
ja	難し	adjective	4	5	9	11
ja	用心	noun	4	5	9	11
ja	張っ	verb	4	5	9	11
ja	好ま	verb	4	5	9	11
ja	外食	noun	4	5	8	11
ja	浪費	noun	4	5	8	11
ja	動き	verb	4	5	8	11
ja	ありがたい	adjective	4	5	7	11
ja	こい	verb	4	5	7	11
ja	怒る	verb	4	5	7	11
ja	困る	verb	4	5	6	11
ja	応募	noun	4	5	6	11
ja	平等	noun	4	5	6	11
ja	計算	noun	4	5	6	11
ja	おおわ	verb	4	5	10	10
ja	生じ	verb	4	5	10	10
ja	側面	noun	4	5	10	10
ja	蹴っ	verb	4	5	10	10
ja	叱っ	verb	4	5	9	10
ja	診察	noun	4	5	8	10
ja	抑える	verb	4	5	8	10
ja	あたる	verb	4	5	8	10
ja	切れる	verb	4	5	8	10
ja	わくわく	adverb	4	5	7	10
ja	当惑	noun	4	5	7	10
ja	散髪	noun	4	5	6	10
ja	平気	noun	4	5	6	10
ja	通る	verb	4	5	6	10
ja	横断	noun	4	5	6	10
ja	喜ぶ	verb	4	5	6	10
ja	ほっと	adverb	4	5	6	10
ja	冷静	noun	4	5	6	10
ja	効く	verb	4	5	6	10
ja	生まれる	verb	4	5	6	10
ja	よこし	verb	4	5	9	9
ja	示さ	verb	4	5	9	9
ja	通ら	verb	4	5	9	9
ja	掛かっ	verb	4	5	9	9
ja	処分	noun	4	5	9	9
ja	撃っ	verb	4	5	9	9
ja	引用	noun	4	5	9	9
ja	かなっ	verb	4	5	9	9
ja	よさ	adjective	4	5	8	9
ja	戻ら	verb	4	5	8	9
ja	刻ん	verb	4	5	8	9
ja	傾け	verb	4	5	8	9
ja	悩まさ	verb	4	5	8	9
ja	辞職	noun	4	5	8	9
ja	解放	noun	4	5	7	9
ja	締め	verb	4	5	7	9
ja	悪	adjective	4	5	7	9
ja	追加	noun	4	5	7	9
ja	下し	verb	4	5	7	9
ja	まいり	verb	4	5	7	9
ja	代わっ	verb	4	5	7	9
ja	曲がり	verb	4	5	6	9
ja	嫌っ	verb	4	5	6	9
ja	くつろい	verb	4	5	6	9
ja	恐れる	verb	4	5	6	9
ja	焼け	verb	4	5	6	9
ja	拾っ	verb	4	5	6	9
ja	就職	noun	4	5	6	9
ja	どきどき	adverb	4	5	6	9
ja	下っ	verb	4	5	6	9
ja	すわっ	verb	4	5	6	9
ja	甘	adjective	4	5	6	9
ja	コピー	noun	4	5	6	9
ja	くっつい	verb	4	5	8	8
ja	こたえ	verb	4	5	7	8
ja	伸び	verb	4	5	7	8
ja	停車	noun	4	5	7	8
ja	流さ	verb	4	5	7	8
ja	反抗	noun	4	5	7	8
ja	泊め	verb	4	5	7	8
ja	扱う	verb	4	5	7	8
ja	減り	verb	4	5	7	8
ja	開始	noun	4	5	6	8
ja	待たさ	verb	4	5	6	8
ja	つくし	verb	4	5	6	8
ja	当たる	verb	4	5	6	8
ja	誓っ	verb	4	5	6	8
ja	害し	verb	4	5	6	8
ja	なくなり	verb	4	5	6	8
ja	あがっ	verb	4	5	6	8
ja	痩せ	verb	4	5	6	8
ja	用い	verb	4	5	6	8
ja	脅し	verb	4	5	6	8
ja	生ん	verb	4	5	6	8
ja	よし	verb	4	5	7	7
ja	学ば	verb	4	5	7	7
ja	収容	noun	4	5	7	7
ja	包ま	verb	4	5	7	7
ja	磨き	verb	4	5	7	7
ja	尽くさ	verb	4	5	7	7
ja	使える	verb	4	5	7	7
ja	脱し	verb	4	5	7	7
ja	良さ	adjective	4	5	7	7
ja	覚まし	verb	4	5	7	7
ja	上がり	verb	4	5	7	7
ja	負っ	verb	4	5	7	7
ja	がまん	noun	4	5	7	7
ja	陥っ	verb	4	5	7	7
ja	応援	noun	4	5	7	7
ja	預かっ	verb	4	5	7	7
ja	食わ	verb	4	5	7	7
ja	高かっ	adjective	4	5	7	7
ja	整頓	noun	4	5	6	7
ja	剃っ	verb	4	5	6	7
ja	放っ	verb	4	5	6	7
ja	助かり	verb	4	5	6	7
ja	支払っ	verb	4	5	6	7
ja	象徴	noun	4	5	6	7
ja	遅	adjective	4	5	6	7
ja	熟し	verb	4	5	6	7
ja	熱望	noun	4	5	6	7
ja	悲しん	verb	4	5	6	7
ja	吹き	verb	4	5	6	7
ja	解散	noun	4	5	6	7
ja	詰め	verb	4	5	6	7
ja	デー	noun	4	5	6	7
ja	ねがい	verb	4	5	6	7
ja	うっとり	adverb	4	5	6	7
ja	しゃべら	verb	4	5	6	7
ja	しゃべっ	verb	4	5	6	7
ja	短	adjective	4	5	6	7
ja	限り	verb	4	5	6	7
ja	固執	noun	4	5	6	7
ja	住まい	noun	4	5	6	7
ja	間違える	verb	4	5	6	7
ja	伝わっ	verb	4	5	6	7
ja	結べ	verb	4	5	6	6
ja	ハマっ	verb	4	5	6	6
ja	迫っ	verb	4	5	6	6
ja	進め	verb	4	5	6	6
ja	強かっ	adjective	4	5	6	6
ja	指し	verb	4	5	6	6
ja	折れ	verb	4	5	6	6
ja	まちがっ	verb	4	5	6	6
ja	みつけ	verb	4	5	6	6
ja	運べ	verb	4	5	6	6
ja	みなさ	verb	4	5	6	6
ja	むずかしい	adjective	4	5	6	6
ja	振る舞っ	verb	4	5	6	6
ja	驚き	verb	4	5	6	6
ja	嫌わ	verb	4	5	6	6
ja	狭	adjective	4	5	6	6
ja	すごし	verb	4	5	6	6
ja	報わ	verb	4	5	6	6
ja	参照	noun	4	5	6	6
ja	ささげ	verb	4	5	6	6
ja	打た	verb	4	5	6	6
ja	試着	noun	4	5	6	6
ja	試み	verb	4	5	6	6
ja	食っ	verb	4	5	6	6
ja	乾杯	noun	4	5	6	6
ja	覆っ	verb	4	5	6	6
ja	務め	verb	4	5	6	6
ja	支払い	verb	4	5	6	6
ja	放し	verb	4	5	6	6
ja	聴き	verb	4	5	6	6
ja	難しかっ	adjective	4	5	6	6
ja	催さ	verb	4	5	6	6
ja	刈っ	verb	4	5	6	6
ja	早	adjective	4	5	6	6
ja	魅了	noun	4	5	6	6
ja	限る	verb	4	5	6	6
ja	あきあき	noun	4	5	6	6
ja	生活	noun	6	7	25	291
ja	批判	noun	6	7	97	165
ja	促進	noun	6	7	96	164
ja	分析	noun	6	7	46	142
ja	関連	noun	6	7	58	140
ja	依存	noun	6	7	39	115
ja	概念	noun	6	7	14	101
ja	貢献	noun	6	7	63	87
ja	地	noun	6	7	9	58
ja	ちがい	noun	6	7	27	56
ja	例	noun	6	7	23	43
ja	探求	noun	6	7	32	39
ja	対処	noun	6	7	17	38
ja	目指し	verb	6	7	31	37
ja	輸入	noun	6	7	15	36
ja	留学	noun	6	7	7	35
ja	変化	noun	6	7	7	31
ja	購入	noun	6	7	13	28
ja	費やし	verb	6	7	20	27
ja	富ん	verb	6	7	18	26
ja	生産	noun	6	7	9	25
ja	活用	noun	6	7	13	22
ja	区別	noun	6	7	10	22
ja	報告	noun	6	7	7	22
ja	終える	verb	6	7	6	22
ja	競争	noun	6	7	6	20
ja	解く	verb	6	7	6	19
ja	驚く	verb	6	7	6	19
ja	買える	verb	6	7	8	18
ja	楽	noun	6	7	8	17
ja	え	verb	6	7	7	17
ja	販売	noun	6	7	7	17
ja	公開	noun	6	7	14	16
ja	やめる	verb	6	7	6	16
ja	由来	noun	6	7	13	15
ja	囲ま	verb	6	7	10	15
ja	訳	noun	6	7	6	15
ja	保存	noun	6	7	6	13
ja	請求	noun	6	7	6	13
ja	登録	noun	6	7	6	13
ja	製造	noun	6	7	6	13
ja	適用	noun	6	7	11	12
ja	支え	verb	6	7	10	12
ja	書け	verb	6	7	9	12
ja	着陸	noun	6	7	6	12
ja	届か	verb	6	7	6	12
ja	セット	noun	6	7	7	11
ja	推薦	noun	6	7	6	11
ja	かから	verb	6	7	6	11
ja	示す	verb	6	7	6	11
ja	語っ	verb	6	7	10	10
ja	合意	noun	6	7	7	10
ja	目撃	noun	6	7	7	10
ja	浮かべ	verb	6	7	6	10
ja	行う	verb	6	7	6	10
ja	削除	noun	6	7	6	10
ja	まとめ	verb	6	7	6	10
ja	異なっ	verb	6	7	7	9
ja	登り	verb	6	7	7	9
ja	通過	noun	6	7	7	9
ja	稼い	verb	6	7	6	9
ja	承認	noun	6	7	6	9
ja	おっしゃっ	verb	6	7	6	9
ja	投函	noun	6	7	6	9
ja	扱い	verb	6	7	7	8
ja	負わ	verb	6	7	7	8
ja	なさ	verb	6	7	7	8
ja	担当	noun	6	7	6	8
ja	発掘	noun	6	7	6	8
ja	手配	noun	6	7	6	8
ja	判明	noun	6	7	7	7
ja	結ん	verb	6	7	7	7
ja	混同	noun	6	7	7	7
ja	獲得	noun	6	7	6	7
ja	調和	noun	6	7	6	7
ja	支給	noun	6	7	6	6
ja	届き	verb	6	7	6	6
ja	減少	noun	6	7	6	6
ja	貯め	verb	6	7	6	6
ja	マスター	noun	6	7	6	6
ja	反映	noun	8	9	55	61
ja	後	noun	8	9	6	61
ja	優先	noun	8	9	30	55
ja	示唆	noun	8	9	43	45
ja	提起	noun	8	9	28	32
ja	及ぼし	verb	8	9	30	31
ja	認識	noun	8	9	6	30
ja	唱え	verb	8	9	26	26
ja	考慮	noun	8	9	6	16
ja	つながり	verb	8	9	12	12
ja	特徴	noun	8	9	8	12
ja	推進	noun	8	9	7	7
ja	強化	noun	10	20	7	15
ja	開発	noun	10	20	6	12
ja	擁護	noun	10	20	7	9
ja	仮定	noun	10	20	8	8
